{
  "project_info": {
    "project_number": "928137831425",
    "project_id": "levels-a138f",
    "storage_bucket": "levels-a138f.firebasestorage.app"
  },
  "client": [
    {
      "client_info": {
        "mobilesdk_app_id": "1:928137831425:android:2a628ee6f4ef4c27078c00",
        "android_client_info": {
          "package_name": "com.example.level_up_tasks"
        }
      },
      "oauth_client": [],
      "api_key": [
        {
          "current_key": "AIzaSyAtJvuY72rFef_Zb5U7xAcF-fj7HO_bQjA"
        }
      ],
      "services": {
        "appinvite_service": {
          "other_platform_oauth_client": []
        }
      }
    }
  ],
  "configuration_version": "1"
}